Year,Ticker,Actual,Futures,DPS_lag1,DPS_growth,EPS_lag1,EPS_growth,Revenue_growth,FCFPS_lag1
2024,ABI BB,82,103.9,75,1.179273708,2.6,1.556114033,1.032473628,0.1492
2023,ABI BB,75,69.9,50,1.144714243,2.91,0.8628426335,1.081968064,-0.4214
2022,ABI BB,50,74.4,50,0.65247794,2.28,1.016619349,1.033618005,1.0116
2021,ABI BB,50,50,50,0.56312394,0.69,0.5575990257,1.007875076,-1.0914
2020,ABI BB,50,178,180,0.517872084,4.53,1.854726816,0.9399967699,-0.1522
2019,ABI BB,180,175,280,0.793700526,2.17,0.759147243,1.047585797,-0.8447
2018,ABI BB,280,357,360,0.919641392,3.98,0.8956213458,1.067485024,2.581
2017,ABI BB,360,349,360,1.136873488,0.71,0.4334249967,1.062460334,-2.8218
2016,ABI BB,360,280,360,1.161069513,4.96,1.040741805,1.017606918,-0.1535
2015,ABI BB,360,252,245,1.650963624,5.54,1.156668511,1.031257849,-0.1941
2014,ABI BB,245,220,230,1.861204794,8.72,1.516557305,1.064227195,-0.0392
2024,AD NA,111,108.1,108,1.040041912,2.1,1.121186024,1.039690302,0.5564
2023,AD NA,108,96.3,98,0.9932883884,2.68,1.146141569,1.072873233,0.476
2022,AD NA,98,96.4,83,1.09625734,2.57,1.132365473,1.064186854,-0.4033
2021,AD NA,83,94,96,1.189776699,1.49,0.9725018092,1.062945017,0.6374
2020,AD NA,96,74.5,100,0.8205539524,1.78,1.255237285,1.105069493,0.8641
2019,AD NA,100,93,63,1.094879785,1.77,1.138319057,1.204958845,0.6518
2018,AD NA,63,61,57,0.7207614264,1.62,1.25992105,1.177271852,0.0681
2017,AD NA,57,52,181,1.602293113,0.9,0.6365106787,1.082747021,-0.0804
2016,AD NA,181,,48,1.182899223,1.2,1.011364609,1.00145002,0.1511
2015,AD NA,48,,152.23,1.877546941,0.81,0.8274015443,1.010987055,-0.9305
2014,AD NA,152.23,,44,1.347080007,3.49,1.452023099,1.033756872,1.1897
2024,ADS GY,70,46.8,70,0.6761036932,-0.23,0,1.007321674,9.9075
2023,ADS GY,70,122,330,0.9949999165,1.76,0.6798945297,0.9639838612,-11.2292
2022,ADS GY,330,343.8,300,1.048856246,6.45,1.090773157,0.9901145884,4.9331
2021,ADS GY,300,130,0,0,1.26,0.7455881332,0.9816670983,-3.0416
2020,ADS GY,0,370,335,1.279307487,5.6,1.265978456,1.074427977,0.3455
2019,ADS GY,335,317.5,260,1.2012333,4.97,1.41613975,1.112803968,3.2959
2018,ADS GY,260,250,200,1.100642416,3.04,1.327323378,1.074728573,0.631
2017,ADS GY,200,204.5,160,1.058267368,2.76,1.022735016,1.035067579,0.3175
2016,ADS GY,160,140,150,1.133966578,1.75,1.02606375,0.9937086516,1.0845
2015,ADS GY,150,144,150,1.17017366,1.3,0.8509165403,1.012994443,-0.0129
2014,ADS GY,150,143,135,1.190550789,2.58,1.11324999,1.065291871,-1.1322
2024,AI FP,320,325,295,1.029957768,1.27,1.05878224,1.084896343,0.154
2023,AI FP,295,289.2,290,1.030506435,1.11,1.049584113,1.087063684,-0.1864
2022,AI FP,290,285.5,275,1.012423631,1.17,1.06816467,1.036193378,0.0738
2021,AI FP,275,262,270,1.012659572,1.07,1.036821947,1.00574924,0.0265
2020,AI FP,270,267,265,1.006369598,0.96,1.04139967,1.069518656,-0.0244
2019,AI FP,265,241,265,1.012904649,0.96,1.058267368,1.109079433,0.0576
2018,AI FP,265,,260,1.006493688,0.96,1.049698025,1.040539778,0.0686
2017,AI FP,260,,260,1.013159404,0.85,0.9536688924,0.9974221579,0.5891
2016,AI FP,260,,255,1.061826416,0.81,0.9515955193,0.9735689661,-0.2203
2015,AI FP,255,,255,1.101122417,0.83,0.9697926762,1.004613828,0.1146
2014,AI FP,255,,250,1.093877981,0.98,1.056937551,1.041315679,0.1352
2024,AIR FP,280,197.6,180,1.021991162,1.3,1.023050502,1.075018648,-0.189
2023,AIR FP,180,186.7,150,0.9687293062,1.42,1.051859149,0.9222261055,0.2123
2022,AIR FP,150,100,0,0,1.59,1.110826875,0.9359994672,3.6347
2021,AIR FP,0,35,0,0,-0.41,0,0.9107687939,-3.0841
2020,AIR FP,0,195,165,1.082713447,-0.49,0,1.023234788,0.4565
2019,AIR FP,165,176.8,150,1.077217345,1.16,1.068836956,1.016823377,-0.655
2018,AIR FP,150,141,135,1.216440399,1.05,1.019807108,0.9778759256,0.2543
2017,AIR FP,135,135,130,1.293989346,0.36,0.8387983264,0.978223151,0.2273
2016,AIR FP,130,133,120,1.528233239,0.95,1.993031302,0.9950470266,0.163
2015,AIR FP,120,105,75,1.505033595,0.99,1.330848547,1.054066433,0.503
2014,AIR FP,75,95,60,1.316074013,0.61,1.205147689,1.083577692,-0.6521
2024,ALV GY,1380,1184,1140,1.058955896,2.29,1.0717846,0.9917175364,6.0005
2023,ALV GY,1140,1086.1,1080,1.062658569,1.71,0.9323333477,0.9970295053,-6.7054
2022,ALV GY,1080,1008,960,1.062658569,1.87,0.9714127805,1.044539298,1.6162
2021,ALV GY,960,860,960,1.08098387,1.86,1.026427232,1.032928717,-1.0046
2020,ALV GY,960,964,900,1.072275912,2.11,1.083240251,1.021780028,2.7278
2019,ALV GY,900,883,800,1.053092384,2.04,1.0798706,1.010233049,-1.3465
2018,ALV GY,800,804,760,1.127662766,1.72,0.9831428475,0.9666645136,3.1921
2017,ALV GY,760,740,730,1.174997066,1.66,0.9863264092,0.9682398198,-0.4135
2016,ALV GY,730,727,685,1.110758165,1.62,1.03527101,0.9797199703,-3.6229
2015,ALV GY,685,675,530,1.056058035,1.81,1.323918723,1.006745375,2.578
2014,ALV GY,530,535,450,1.023545526,1.73,1.053403594,1.017949074,1.7215
2024,ASML NA,624,700,596,1.327095041,21.53,1.304888542,1.231552746,-10.0442
2023,ASML NA,596,682.9,644,1.269185508,14.89,1.292880818,1.189997602,-9.5964
2022,ASML NA,644,471.4,335,1.33753634,16.97,1.332045724,1.194324514,18.6787
2021,ASML NA,335,280.4,255,1.285640795,9.69,1.204139856,1.159925237,3.3236
2020,ASML NA,255,268,315,1.44224957,6.89,1.218329468,1.20750081,-0.2532
2019,ASML NA,315,175,140,1.25992105,7.18,1.263450259,1.227863913,3.0978
2018,ASML NA,140,142,120,1.252998267,5.55,1.153085394,1.0953863,0.3309
2017,ASML NA,120,87,105,1.255946509,3.81,1.070010885,1.025741889,-0.7527
2016,ASML NA,105,78.5,70,1.150163317,3.56,1.010517024,1.046902943,2.2283
2015,ASML NA,70,70,61,1.151038759,3.62,0.8605710754,0.9963445927,-0.5682
2014,ASML NA,61,54.5,53,1.383827504,3.11,0.9164870681,1.051888481,0.9833
2024,BAS GY,340,325,340,1.010000663,0.07,-0.5963868149,1.0334381,-0.1512
2023,BAS GY,340,311.5,340,1.020413775,-0.18,0,1.114666792,-0.2209
2022,BAS GY,340,323.4,330,1.021058791,1.78,1.056365847,1.079019901,0.483
2021,BAS GY,330,207,330,1.032280115,-0.33,0,0.9750971653,-0.4026
2020,BAS GY,330,321.5,320,1.033357653,2.56,1.280245854,1.014186323,-0.1838
2019,BAS GY,320,316,310,1.034509669,1.51,1.079605861,0.9817377992,-4.5969
2018,BAS GY,310,311.5,300,1.035744169,7.47,1.589531794,0.9035238003,4.8175
2017,BAS GY,300,291.5,290,1.037070347,1.22,0.897065956,0.874774068,-0.0224
2016,BAS GY,290,281,280,1.06214507,1.2,0.8886451573,0.9175919438,0.497
2015,BAS GY,280,270,270,1.070648783,1.86,0.9399144116,0.9882540132,-0.5224
2014,BAS GY,270,267,260,1.112067392,1.69,1.008016374,1.038991373,0.2191
2024,BAYN GY,11,147,240,0.9499142516,-0.81,0.6427790694,1.029214402,-0.7031
2023,BAYN GY,240,217.1,200,0.8939035351,1.11,0.9826051568,1.031072867,0.5557
2022,BAYN GY,200,201.3,200,0.8939035351,0.3,0.8272087667,1.037114456,0.0403
2021,BAYN GY,200,172,280,1.012196324,-3.05,0,1.06115431,-0.8477
2020,BAYN GY,280,260,280,1.03849882,1.17,0.9184798609,0.9803928777,-0.0774
2019,BAYN GY,280,272,280,1.075619097,0.53,0.7268848118,0.9686545964,-0.2039
2018,BAYN GY,280,,270,1.087380373,2.38,1.19922118,0.8899580311,-0.2536
2017,BAYN GY,270,,250,1.095793708,1.51,1.056628513,0.9899890398,0.6678
2016,BAYN GY,250,,225,1.10668192,1.38,1.132535508,1.001971275,0.0933
2015,BAYN GY,225,,210,1.118688942,1.38,1.109649711,1.03341266,0.1677
2014,BAYN GY,210,,190,1.079335326,1.28,1.333333333,1.046116759,0.1715
2024,BBVA SQ,68,57.9,47,1.432163579,1.4,2.06064265,1.068046028,-4.0539
2023,BBVA SQ,47,37,35,1.10415887,1.04,1.251946652,0.9844423254,4
2022,BBVA SQ,35,26.7,13.9,0.8222898519,0.79,0.9574766551,0.9614125698,-5.0781
2021,BBVA SQ,13.9,8.6,16,0.8100611963,0.16,0.6666666667,0.9721573265,6.152
2020,BBVA SQ,16,25.1,26,0.8898476556,0.53,0.987728822,1.002498548,-2.8367
2019,BBVA SQ,26,24.5,25,0.8774979183,0.9,1.279159453,1.026348232,1.1914
2018,BBVA SQ,25,24.3,30.1,0.9717716327,0.54,0.9709135961,1.002038885,-0.6666
2017,BBVA SQ,30.1,34,36.9,0.9577651386,0.55,1.018872363,0.9864583137,-2.4952
2016,BBVA SQ,36.9,31.5,37,1.229653875,0.43,1.01600271,0.9650691797,5.1299
2015,BBVA SQ,37,31,32.8,0.907409053,0.59,0.8889095564,1.127218681,-1.2786
2014,BBVA SQ,32.8,34.5,42,0.6046423509,0.52,0.6861080095,1.104787185,-2.569
2024,BMW GY,600,583,850,1.503694596,19.13,1.473458569,1.141741496,-8.0003
2023,BMW GY,850,691.1,580,1.183368441,28.77,1.5091699,1.087843587,9.2031
2022,BMW GY,580,561,190,0.7802453754,22.21,1.202280772,1.045613157,5.548
2021,BMW GY,190,144,250,0.8939035351,5.98,0.7387883034,1.004581379,16.1608
2020,BMW GY,250,265,350,1.030321325,8.37,0.8979576912,1.038528125,-3.096
2019,BMW GY,350,384,400,1.113150787,12.78,1.059024955,1.040195913,-1.1856
2018,BMW GY,400,373,350,1.10415887,14.83,1.166209335,1.01432455,5.262
2017,BMW GY,350,327,320,1.085767047,11.56,1.010000663,1.010361317,4.0631
2016,BMW GY,320,307.2,290,1.222119465,10.76,1.024717352,1.011512738,8.7275
2015,BMW GY,290,285,260,1.25992105,9.35,0.9657649042,1.037022581,-0.2656
2014,BMW GY,260,266,250,2.027400665,11.22,1.198957962,1.080261752,-6.4402
2024,BN FP,210,208,200,0.9838681468,0.29,0.7527134824,1.034742556,0.1815
2023,BN FP,200,186,194,1,0.31,0.7773308777,1.009594226,-0.2078
2022,BN FP,194,188,194,1.006968866,0.7,0.9336838846,0.9955607618,0.1868
2021,BN FP,194,181.4,210,1.072976288,0.68,0.9176465021,0.9889920377,-0.1471
2020,BN FP,210,206,194,1.066335618,0.66,1.021058791,1.052613045,0.0624
2019,BN FP,194,200,190,1.081983856,0.86,1.223113795,1.053684572,0.0714
2018,BN FP,190,178.5,170,1.054452384,0.88,1.207362147,0.9974436908,0.1037
2017,BN FP,170,162,160,1.033357653,0.62,0.9894729024,0.9503636076,0.097
2016,BN FP,160,152,150,1.036422844,0.47,0.8715249737,0.9751187974,-0.0353
2015,BN FP,150,140,145,1.037070347,0.5,0.8697320427,1.01466291,-0.0624
2014,BN FP,145,149,145,1.065112755,0.64,0.9570891024,1.077916342,-0.2548
2024,BNP FP,460,442.3,390,1.066017701,4.64,1.15263495,0.994960842,7.2197
2023,BNP FP,390,367,367,1.067135843,4.11,1.057030517,1.002070603,-42.968
2022,BNP FP,367,339.8,266,0.9585723506,4.3,1.083554063,1.009114689,-44.1045
2021,BNP FP,266,205,0,0,3.03,0.9604442794,1.009771587,87.1253
2020,BNP FP,0,302,302,1.093448469,3.48,1.015812891,1.012602367,-22.5988
2019,BNP FP,302,299,302,1.262714676,3.38,1.058499393,1.017759108,-13.6301
2018,BNP FP,302,303,270,1.216440399,3.42,3.496595329,0.9805062315,1.7733
2017,BNP FP,270,265,231,1.15480035,3.32,1.086290813,0.9786683866,2.8467
2016,BNP FP,231,220,150,0.9193227152,2.85,0.9364942785,0.9830268949,-0.0243
2015,BNP FP,150,145.5,150,0.8939035351,0.08,0.2933212823,0.9609641946,3.1627
2014,BNP FP,150,175,150,1,2.59,0.8511710119,0.9594130658,-24.7321
2024,CS FP,198,182.5,170,1.325486637,3.39,1.333381894,0.9356824012,-0.55
2023,CS FP,170,150.3,154,1.047462879,2.98,1.230359689,0.9760756285,0.4038
2022,CS FP,154,155.2,143,1.043090117,3.51,1.556950204,0.9909578235,-8.9718
2021,CS FP,143,100,73,0.8569489618,1.43,0.7983804721,0.9972904475,8.0519
2020,CS FP,73,141,134,1.067998652,1.6,0.8561041469,1.015050937,0.4298
2019,CS FP,134,131.5,126,1.098708067,0.93,0.7270359077,1.035518826,-4.0512
2018,CS FP,126,122.5,116,1.127174072,2.81,1.028874029,0.9185368228,1.8058
2017,CS FP,116,114,110,1.151737205,2.55,1.020413775,0.9325616169,-2.301
2016,CS FP,110,103.5,95,1.083224885,2.42,1.026098649,0.9319455412,1.6583
2015,CS FP,95,87.5,81,1.054901661,2.58,1.043593302,0.9955842667,3.6935
2014,CS FP,81,80.9,72,1.093931015,2.4,1.18019235,0.9885373787,-2.7436
2024,DB1 GY,380,388.2,360,1.074735269,1.01,1.146609468,1.156595198,0.1407
2023,DB1 GY,360,323.5,320,1.058267368,0.86,1.121302711,1.148095534,0.7991
2022,DB1 GY,320,297.5,300,1.069838912,0.78,1.137469022,1.124591138,-0.6701
2021,DB1 GY,300,275,290,1.072613796,0.67,0.9630995496,1.106431285,0.6735
2020,DB1 GY,290,267,270,1.062658569,0.61,1.16079379,1.078598954,-0.2306
2019,DB1 GY,270,252.3,245,1.0527266,0.53,1.040860843,1.059971756,0.1748
2018,DB1 GY,245,227.3,235,1.038204378,0.75,1.277182387,0.9971751262,-0.3182
2017,DB1 GY,235,220,225,1.023264108,0.39,0.9605883389,1.001582102,0.9503
2016,DB1 GY,225,200,210,1.280579165,0.47,0.90220652,1.030172785,-0.4863
2015,DB1 GY,210,191,210,1,0.36,1.062658569,0.9897795606,-0.0381
2014,DB1 GY,210,230,210,1,0.44,1.059457771,0.9986454437,0.0502
2024,DG FP,450,430,405,1.479727245,2.24,1.526285657,1.145106976,0.7694
2023,DG FP,405,340.2,325,1.062440677,1.97,1.065187858,1.063082229,-0.2562
2022,DG FP,325,246.6,269,1.023354695,1.33,0.946202293,1.042823889,0.5747
2021,DG FP,269,140.4,125,0.8333333333,0.63,0.7681427155,1.027920464,-0.0373
2020,DG FP,125,279,271,1.125654806,1.63,1.095440112,1.085789053,0.7293
2019,DG FP,271,261.9,251,1.119283831,1.57,1.154604272,1.062408701,0.4046
2018,DG FP,251,227,216,0.9909085877,1.39,0.9815200039,0.9619765217,-0.0873
2017,DG FP,216,193,190,1.023906056,1.24,0.8898217269,0.9237493695,-0.0635
2016,DG FP,190,193,179,1.481938271,1.02,0.9636036584,0.9520290893,0.162
2015,DG FP,179,,222,1.09303655,1.47,1.088439167,0.9947945516,-0.0133
2014,DG FP,222,,177,1.504261387,1.76,0.7291534556,1.060466982,-0.0662
2024,DHL GY,185,181,185,1.171722122,3.29,1.068097039,1.051499726,-0.6059
2023,DHL GY,185,188.7,180,1.161069513,4.56,1.249059121,1.117148246,0.0518
2022,DHL GY,180,190.2,135,1.054901661,4.74,1.342272698,1.098768135,1.6214
2021,DHL GY,135,116,115,1.030788379,2.7,1.035744169,1.036219327,-1.0993
2020,DHL GY,115,119,115,1.106011489,2.34,1.002865345,1.037761944,2.4102
2019,DHL GY,115,110.5,115,1.106011489,1.96,1.129550679,1.030821126,1.9189
2018,DHL GY,115,114.3,105,1.094879785,2.43,1.036851579,0.9681233523,0.5428
2017,DHL GY,105,94,85,1.066858844,2.32,1.01632335,0.954198974,-0.6827
2016,DHL GY,85,86,85,1.123110683,1.36,0.9283177667,0.9734410443,-0.2363
2015,DHL GY,85,85,80,1.07166458,2.18,1.176117102,1.019452437,-0.3073
2014,DHL GY,80,76,70,1.0527266,2.21,0.925257662,1.020440991,3.5257
2024,DTE GY,77,77,70,1.0527266,3.86,1.563466728,0.9801089614,1.2869
2023,DTE GY,70,70,64,0.9705710013,1.7,1.227119991,1.014093461,-0.4218
2022,DTE GY,64,63.2,60,0.9736718882,1.03,1.24016981,1.124695713,1.9363
2021,DTE GY,60,57,60,1,1.01,1.063360921,1.129389494,-0.4747
2020,DTE GY,60,60,70,1.083706763,0.92,1.128589359,1.10844853,0.809
2019,DTE GY,70,69.5,65,1.091392883,0.54,0.8808911014,1.036974105,0.299
2018,DTE GY,65,65,60,1.062658569,0.84,0.9921871808,1.051422683,0.1447
2017,DTE GY,60,59.1,55,0.9227588444,0.64,1.317267512,1.005658808,0.1261
2016,DTE GY,55,52.8,50,0.8939035351,0.79,1.468231517,1.004213936,-0.1678
2015,DTE GY,50,49,50,0.8939035351,0.86,1.716655608,1.009095703,-0.112
2014,DTE GY,50,49,70,0.9645716185,0.28,0.8033807547,1.006482394,-0.1947
2024,EL FP,395,334.5,323,1.410917307,2.75,2.924017738,1.185846867,0.1952
2023,EL FP,323,263,251,1.071555126,2.54,1.222567853,1.098344263,-0.8732
2022,EL FP,251,264.9,108,0.8903841934,1.94,0.9302397552,1.225065486,1.6823
2021,EL FP,108,157.3,115,0.9152411268,0.11,0.3790359811,1.248659087,-0.0731
2020,EL FP,115,199.7,204,1.224904968,1.39,0.8785240326,1.352468849,0.4826
2019,EL FP,204,177.2,153,1.144714243,2.41,1.074991683,1.19584441,0.1684
2018,EL FP,153,165,150,1.168569289,2.02,0.9364230331,1.039505001,0.104
2017,EL FP,150,119.9,111,1.080471798,2.05,1.09532522,1.05378357,0.0842
2016,EL FP,111,104.5,102,1.062658569,1.94,1.023389724,1.051443663,-0.2347
2015,EL FP,102,100,94,1.04235724,2.46,1.151780559,1.089061867,0.7128
2014,EL FP,94,95,88,1.079265292,1.56,1.024673565,1.09191247,-0.0624
2024,ENEL IM,43,42.9,40,1.068387297,0.35,1.0527266,1.116910707,0.6151
2023,ENEL IM,40,37.8,38,1.107155245,0.16,0.8735804647,1.180616972,-0.2149
2022,ENEL IM,38,37.5,35.8,1.14739132,0.37,0.8709727463,1.052242293,-0.417
2021,ENEL IM,35.8,35.8,32.8,1.221425866,0.3,0.8939035351,0.9582481723,0.0294
2020,ENEL IM,32.8,32.5,28,1.205071132,0.24,0.9388677354,1.048200313,-0.1519
2019,ENEL IM,28,28,23.7,1.1918093,0.56,1.291432048,1.021029185,0.1633
2018,ENEL IM,23.7,22.5,18,1.114576078,0.42,1.817120593,0.9425523335,0.1078
2017,ENEL IM,18,18.7,16,1.02174591,0.29,0.8574590506,0.9005083698,-0.0905
2016,ENEL IM,16,15,14,0.9564655914,0.26,1.293989346,0.9161819903,-0.2672
2015,ENEL IM,14,12.8,13,0.897202102,0.07,0.4859475554,0.9769673051,0.3036
2014,ENEL IM,13,14.5,15,1.144714243,0.46,0.9052920657,1.038427769,-0.172
2024,ENI IM,97,93.5,91,1.182749848,3.03,2.408796047,1.259646968,-1.7529
2023,ENI IM,91,88,87,1.011765785,8.32,4.521615257,1.209705138,0.6078
2022,ENI IM,87,82.6,67,0.9348752236,3.79,1.116923517,1.004190172,5.1026
2021,ENI IM,67,35.3,55,0.8825870838,-5.53,0,0.8617682812,-2.5984
2020,ENI IM,55,84.5,84,1.016396357,0.09,0.6228654698,1.082439338,-1.0339
2019,ENI IM,84,82.5,82,0.9488135388,2.72,1.297401566,1.058771677,1.1617
2018,ENI IM,82,78,80,0.896579909,2.13,1.304275862,0.8163115115,3.5883
2017,ENI IM,80,77,80,0.9020303766,-0.91,0,0.7409970006,-1.867
2016,ENI IM,80,74,96,1.211413729,-5.42,0,0.7732197641,-2.308
2015,ENI IM,96,96,111,1.028586774,0.96,0.5661591367,0.9886175799,2.8701
2014,ENI IM,111,108,109,1.029142467,3.77,0.9344723556,1.053455853,-1.2286
2024,IBE SQ,55.8,52.6,50.1,1.077935012,3.1,1.074337071,1.121413242,0.5123
2023,IBE SQ,50.1,44.3,44.9,1.085541443,2.76,1.056568702,1.116773341,1.4016
2022,IBE SQ,44.9,42.2,42.2,1.089845538,2.31,1.014861013,1.037602713,-0.7799
2021,IBE SQ,42.2,38,40,1.086346741,2.5,1.080832195,1.023272473,0.8839
2020,IBE SQ,40,37,35.1,1.076961717,2.34,1.079528977,1.080737688,-0.5177
2019,IBE SQ,35.1,33.2,32.6,1.313061404,2.21,1.0935413,1.058927672,1.6542
2018,IBE SQ,32.6,33,31.2,0.9228292733,1.98,1.005102129,0.9601500939,-1.304
2017,IBE SQ,31.2,29,28.1,1.175493068,1.86,0.9528506358,0.90522433,-0.3317
2016,IBE SQ,28.1,32,14.4,1.686865331,1.69,0.8946604394,0.9257544365,-1.1749
2015,IBE SQ,14.4,18,39.7,2.365319165,1.95,0.8983125018,0.9675424729,0.8625
2014,IBE SQ,39.7,26.3,17.3,0.7116530067,2.15,0.9157146091,1.02566782,-0.5507
2024,IFX GY,35,35,32,1.058267368,2.54,2.061319158,1.219926725,-0.4012
2023,IFX GY,32,32,27,1,1.66,1.249960783,1.164854299,-0.1593
2022,IFX GY,27,25.8,22,0.9582839714,1.04,0.9727135491,1.134900546,0.8382
2021,IFX GY,22,27,27,1.070648783,0.29,0.7221638713,1.071481452,0.5113
2020,IFX GY,27,24,27,1.10520945,0.85,1.052039441,1.080106142,-0.2096
2019,IFX GY,27,,25,1.115721583,1.13,1.208647032,1.10751391,-0.3106
2018,IFX GY,25,,22,1.22390341,0.77,1.086708736,1.099953771,0.2518
2017,IFX GY,22,,20,1.185631101,0.73,1.302975671,1.125577362,0.3466
2016,IFX GY,20,,18,1.144714243,0.64,1.078623636,1.094989421,-0.2725
2015,IFX GY,18,,12,1.062658569,0.6,0.76694909,1.016928453,0.1529
2014,IFX GY,12,,12,1.095445115,0.33,0.747530556,1.058531807,0.5689
2024,INGA NA,110.6,98.4,82.1,1.04823477,1.26,1.240534566,1.248461426,-0.2265
2023,INGA NA,82.1,56.3,81.2,1.060919354,3.53,1.466174159,1.09721835,1.3147
2022,INGA NA,81.2,57.6,60,0.9638855787,1.81,1.094627857,0.9461350029,-34.1714
2021,INGA NA,60,37,0,0,0.66,0.745960109,1.128953546,25.9085
2020,INGA NA,0,66.5,68,1.015153817,1.12,0.9239388442,1.211828908,1.6574
2019,INGA NA,68,64,67,1.230053782,1.38,1.059596136,1.273093408,3.6035
2018,INGA NA,67,69,66,1.354006401,1.59,1.546356258,1.011009672,-3.9441
2017,INGA NA,66,67,65,1.805555556,1.42,1.002358499,0.8095731696,-0.608
2016,INGA NA,65,71,36,1,1.16,1.092335364,0.6993007013,-1.0119
2015,INGA NA,36,30.5,0,0,0.43,0.8948956597,0.5128836285,7.0081
2014,INGA NA,0,4,0,0,1.41,1.070303858,0.6326635818,0.221
2024,ISP IM,32.2,29.2,23.08,1.040380958,2.73,1.304425195,1.099335575,-39.3332
2023,ISP IM,23.08,16.5,15.27,0.9185954085,1.43,0.9612508138,0.7563181641,30.3332
2022,ISP IM,15.27,17,20.74,1.007173379,1.53,0.9654893846,1.039227444,3.9184
2021,ISP IM,20.74,10.5,0,0,1.23,0.7445541394,0.7052487525,-2.4553
2020,ISP IM,0,20.7,19.7,1.120588248,1.61,1.106011489,1.396579405,-0.8146
2019,ISP IM,19.7,18.3,20.3,1.426043147,1.7,1.166867959,1.032206776,1.6316
2018,ISP IM,20.3,19.8,17.8,1.526921344,2.98,1.669855008,1.36386236,0.7877
2017,ISP IM,17.8,16.7,14,1.409459746,1.19,1.114972251,0.9165159712,-1.802
2016,ISP IM,14,14.3,7,1.205071132,1.07,1.115914749,0.9436102461,1.6355
2015,ISP IM,7,6.3,5,0.8939035351,0.64,0.7868027618,0.9377217783,-1.2456
2014,ISP IM,5,5,5,0.8939035351,-2.23,0,0.8310213334,0.1071
2024,ITX SQ,154,87.6,120,1.507894882,0.35,1.019807108,1.167661289,0.1565
2023,ITX SQ,120,64.5,93,1.018591604,0.31,0.9793755356,1.026282866,-0.993
2022,ITX SQ,93,61.8,70,0.9772648059,0.11,0.7079626243,1.020135402,0.3264
2021,ITX SQ,70,21.9,35,0.8014068383,0.33,1.056295192,0.9450563095,-0.2918
2020,ITX SQ,35,,88,1.136171281,0.33,1.082713447,1.070654429,0.2918
2019,ITX SQ,88,,75,1.129846141,0.31,1.060383062,1.099914375,0.0308
2018,ITX SQ,75,,68,1.120008152,0.28,0.759147243,1.068129349,-0.0369
2017,ITX SQ,68,,60,1.108918234,0.26,0.7525716216,1.049680509,-0.0239
2016,ITX SQ,60,,52,1.130403814,0.26,0.7837782292,1.039158679,0.1082
2015,ITX SQ,52,,48.4,1.147885212,0.64,1.437216448,1.074718646,-0.2862
2014,ITX SQ,48.4,,44,1.197543185,0.61,1.596171402,1.127225118,-0.0414
2024,MBG GY,530,513,520,1.794404204,3.64,1.553972097,0.9798560609,-0.605
2023,MBG GY,520,486,500,1.154415673,3.57,1.792361096,0.934827093,2.3329
2022,MBG GY,500,454.9,135,0.7178168268,6.36,1.470536155,0.92887516,1.2233
2021,MBG GY,135,,90,0.6518080445,0.97,0.7100149301,0.9826985121,4.2337
2020,MBG GY,90,,325,1,0.62,0.658633756,1.044880059,2.0981
2019,MBG GY,325,,365,1.14211261,2,0.9731730808,1.06019371,0.1931
2018,MBG GY,365,,325,1.130403814,2.71,1.133666854,1.024685055,-1.5373
2017,MBG GY,325,,325,1.13890341,2.17,1.001540834,1.026683659,0.662
2016,MBG GY,325,,245,1.03652823,2.17,1.038052538,1.041073091,0.7123
2015,MBG GY,245,,225,1.067423918,1.86,1.001798565,1.051749711,-1.4676
2014,MBG GY,225,,220,1.383782575,2.16,1.142076643,1.067529911,1.252
2024,MC FP,1300,1375,1250,1.395460005,6.57,1.455666616,1.222741058,0.4825
2023,MC FP,1250,1217.4,1200,1.246225171,5.91,1.22819012,1.115462655,-1.2783
2022,MC FP,1200,912.8,700,1.090355437,5.65,1.237686711,1.111662134,3.8192
2021,MC FP,700,525,460,1.030788379,2.13,0.9747290789,1.019097191,-0.241
2020,MC FP,460,705,620,1.198661058,3.19,1.221567711,1.13046372,2.623
2019,MC FP,620,647,540,1.178401464,2.98,1.238146983,1.117750557,0.4232
2018,MC FP,540,466,420,1.100642416,2.3,0.9172840825,1.057696757,0.3894
2017,MC FP,420,380,360,1.062658569,1.75,0.9870115169,1.024277351,0.1247
2016,MC FP,360,345,330,1.44224957,1.57,0.9644666197,1.030925586,0.1239
2015,MC FP,330,314.5,315,1.127100453,2.98,1.222764683,1.073111666,-0.673
2014,MC FP,315,,300,1.624330522,1.82,0.6008551792,1.127891274,0.2945
2024,MUV2 GY,1500,,1160,1.057817233,,,,1.5428
2023,MUV2 GY,1160,,1100,1.059457771,,,,-2.0384
2022,MUV2 GY,1100,,980,1.044501837,,,,-0.293
2021,MUV2 GY,980,,980,1.044501837,,,,-0.3048
2020,MUV2 GY,980,,925,1.038873324,,,,-3.2779
2019,MUV2 GY,925,,860,1.035298496,,,,2.0748
2018,MUV2 GY,860,,860,1.05857138,,,,-1.3679
2017,MUV2 GY,860,,825,1.056295192,,,,-1.7022
2016,MUV2 GY,825,,775,1.074337071,,,,4.5913
2015,MUV2 GY,775,,725,1.050717574,,,,0.8378
2014,MUV2 GY,725,,700,1.067767583,,,,-0.4766
2024,NDA FH,92,96,80,1.037672301,1.48,1.32935321,1.293423466,-8.0917
2023,NDA FH,80,67,69,1,1,1.324881944,1.013808207,1.2151
2022,NDA FH,69,60.6,79,1.051250123,1.12,1.075619097,0.9699192238,5.2974
2021,NDA FH,79,37.8,0,0,0.63,0.9049832503,0.9507772384,0.3241
2020,NDA FH,0,38,69,1.025391482,0.43,0.7473839095,0.9780713085,-1.4825
2019,NDA FH,69,63,68,1.031270056,0.9,0.9622923765,0.9777552939,-2.6374
2018,NDA FH,68,,65,1.14766455,0.85,0.9176465021,0.8938639868,2.534
2017,NDA FH,65,,64,1.234715838,1.03,1.003257352,0.8964854015,0.851
2016,NDA FH,64,,62,1.335998941,1.01,1.003322284,0.8879040017,3.6466
2015,NDA FH,62,,43,1.140311452,1.1,1.065247273,0.9730838158,-5.6768
2014,NDA FH,43,,34,1.107931651,1.02,1.058715789,0.9670990439,-4.227
2024,NOKIA FH,13,12.3,11,1.024113689,0.13,0.6183469424,0.9882173483,-0.0029
2023,NOKIA FH,11,11.6,6,0.8434326653,0.79,1.017429089,1.001694875,-0.2828
2022,NOKIA FH,6,10.5,0,0,0.34,0.8866049388,0.9952237177,0.188
2021,NOKIA FH,0,4,0,0,-0.51,0,0.9844581965,0.3152
2020,NOKIA FH,0,5.6,10,0.7272363035,0,0,0.9997703349,-0.0047
2019,NOKIA FH,10,19.5,19,1.107155245,-0.07,0,1.24288243,-0.3027
2018,NOKIA FH,19,18.8,17,0.7716417769,-0.29,0,1.156253218,0.6222
2017,NOKIA FH,17,16.5,26,1.067789972,-0.14,0,1.156784924,-0.4211
2016,NOKIA FH,26,16.5,14,0.8879040017,0.7,1.005814345,0.7098096638,-0.27
2015,NOKIA FH,14,,37,0.9743475802,1.13,1.135382988,0.6799293481,0.3948
2014,NOKIA FH,37,,0,0,-0.23,0,0.6690605983,0.1153
2024,OR FP,660,652.2,600,1.159391664,2.49,1.197504392,1.117078919,0.5325
2023,OR FP,600,523.6,480,1.076283881,2.24,1.145567234,1.064080616,-0.4579
2022,OR FP,480,441.2,400,1.040584165,1.94,1.057594769,1.062875646,0.1554
2021,OR FP,400,407.4,385,1.0527266,1.45,1.002309477,1.028207025,0.231
2020,OR FP,385,425.5,385,1.074895749,1.49,1.068912476,1.053796804,0.3812
2019,OR FP,385,385,355,1.095523075,1.64,1.080521713,1.042892162,0.0459
2018,OR FP,355,352,330,1.09696131,1.44,0.9117371065,0.993987696,0.2679
2017,OR FP,330,328,310,1.104615889,1.22,1.044701017,0.9784717064,0.1201
2016,OR FP,310,279.4,270,1.10520945,1.3,1.021396834,0.9901887061,-0.1116
2015,OR FP,270,269,250,1.115721583,1.9,1.185631101,1.018683595,0.1268
2014,OR FP,250,255,230,1.153131561,1.07,1.019422312,1.056373488,0.0807
2024,PRX NA,10,5.1,7,0.5,0.74,0.6548672566,1.105114211,0.0247
2023,PRX NA,7,5,14,1,1.13,2.756097561,0.9477011494,-0.0526
2022,PRX NA,14,,14,1.272727273,0.41,1.952380952,1.020328382,0.0206
2021,PRX NA,14,,11,1,0.21,1.235294118,1.536336336,-0.0031
2020,PRX NA,11,,,,0.17,1,1.254237288,-0.0142
2019,PRX NA,,,,,,,,
2018,PRX NA,,,,,,,,
2017,PRX NA,,,,,,,,
2016,PRX NA,,,,,,,,
2015,PRX NA,,,,,,,,
2014,PRX NA,,,,,,,,
2024,RACE IM,244.3,220,181,1.170038207,7.47,1.25823891,1.178042436,1.8956
2023,RACE IM,181,152.9,136.2,1.097606392,5.36,1.088154309,1.083596667,0.0912
2022,RACE IM,136.2,129.9,86.7,1.068858584,5.32,1.028492015,1.077519525,3.0162
2021,RACE IM,86.7,110,113,1.211811044,3.75,1.055391345,1.007708423,-2.7531
2020,RACE IM,113,110,103,1.308257192,4.16,1.211413729,1.070825711,1.7668
2019,RACE IM,103,103,71,1.242368005,4.89,1.424975459,1.084219477,1.1128
2018,RACE IM,71,,63.5,1.380434783,3.19,1.20350121,1.017050759,-2.0322
2017,RACE IM,63.5,,46,1,2.34,1.130791106,0.967463046,1.7986
2016,RACE IM,46,,,,1.69,0.9234972678,0.8632525197,1.2598
2015,RACE IM,,,,,,,,
2014,RACE IM,,,,,,,,
2024,RHY GY,570,,430,1.214560272,19.9,1.299417156,1.106913037,-6.4629
2023,RHY GY,430,,330,1.162603292,22.13,1.628935236,1.144714243,0.1351
2022,RHY GY,330,,200,1.055667192,9.96,-4.635391778,1.053014151,4.0906
2021,RHY GY,200,,240,1.182899223,9.07,4.116751429,1.07428296,4.7044
2020,RHY GY,240,,210,1.240534566,5.12,1.333333333,1.059176075,-9.1777
2019,RHY GY,210,,170,1.78282708,-0.1,-0.3568829278,1.093323046,17.7575
2018,RHY GY,170,,145,1.536158413,0.13,0.6610641609,1.112402682,-2.0274
2017,RHY GY,145,,110,0.8486072283,2.16,-1.166733356,1.209145912,0.5921
2016,RHY GY,110,,30,0.5503212081,2.2,4.888888889,1.249087713,-0.595
2015,RHY GY,30,,40,0.6436595897,0.45,0,1.261277847,5.4557
2014,RHY GY,40,,180,1.817120593,-1.36,0,1.242311412,-5.6127
2024,RI FP,470,,470,1.208941837,1.85,1.899339738,1.108245395,-0.4064
2023,RI FP,470,,412,1.097103349,1.73,1.11145492,1.048137184,0.0874
2022,RI FP,412,,312,1.097524432,1.19,0.9427999243,0.9938405141,0.7911
2021,RI FP,312,,266,1.096082951,0.27,0.6169102336,0.9835758682,-0.4764
2020,RI FP,266,,312,1.183946964,1.26,1.069492574,1.028249156,-0.1038
2019,RI FP,312,,236,1.094493448,1.42,1.221043813,1.013664898,0.2148
2018,RI FP,236,,202,1.071936783,1.15,1.034081655,0.9693907879,0.2093
2017,RI FP,202,,188,1.046577355,1.03,0.963932141,0.9541814047,0.1888
2016,RI FP,188,,180,1.044411887,0.78,0.894449931,0.9779045639,-0.0386
2015,RI FP,180,,164,1.044304426,1.04,0.9874986895,1.011288063,-0.1058
2014,RI FP,164,,164,1.069661464,1.15,1.031898646,1.040092701,-0.0777
2024,RMS FP,2500,1590.9,1300,1.418983412,33.54,1.407838584,1.236604363,4.4675
2023,RMS FP,1300,784,800,1.206959961,25.44,1.281082933,1.173376731,
2022,RMS FP,800,454.5,455,0.793700526,19.49,1.197138788,1.142683703,
2021,RMS FP,455,455,455,1.066579854,12.02,1.051464569,1.056599951,
2020,RMS FP,455,460,455,1.107445076,12.1,1.140333117,1.120536491,
2019,RMS FP,455,455,910,1.046063595,11.36,1.147923107,1.088724606,
2018,RMS FP,910,,375,1.115721583,10.34,1.118977599,1.087486067,
2017,RMS FP,375,,335,1.102473771,8.16,1.01864835,1.059339377,
2016,RMS FP,335,,795,1.16716532,7.51,1.027154014,1.128045897,
2015,RMS FP,795,,270,1.216440399,7.38,1.107691553,1.174768712,
2014,RMS FP,270,,250,1.335314515,7.72,1.252395745,1.18836388,
2024,SAF FP,220,194.1,135,0.9280376488,2.18,2.116295065,1.105929273,0.3387
2023,SAF FP,135,144.3,50,0.6500791026,-1.52,0,0.9043024273,0.4463
2022,SAF FP,50,108,43,0.6453314403,0.03,0.3254872647,0.8994595214,0.4584
2021,SAF FP,43,40,0,0,0.23,0.414057773,0.9972692945,-0.6584
2020,SAF FP,0,187.6,182,1.073786693,1.58,1.081224035,1.153196438,0.0269
2019,SAF FP,182,188.9,160,1.088677964,0.87,0.8342661446,1.072487693,0.2061
2018,SAF FP,160,185,83,0.8843664981,3.24,1.307090048,0.9846735015,0.1823
2017,SAF FP,83,124,147,1.091640477,1.25,1.040388823,0.9817769555,-0.1645
2016,SAF FP,147,124,124,1.587401052,-0.28,0,1.047521281,-0.0168
2015,SAF FP,124,121,120,1.169607095,-0.1,0,1.072200263,0.0297
2014,SAF FP,120,,113,1.438020075,1.11,1.833792355,1.090823593,1.0819
2024,SAN FP,376,358,356,1.041629205,2.33,0.7474358205,1.055989413,-0.5599
2023,SAN FP,356,330.5,333,1.027468744,3.51,1.410800813,1.043006518,-0.2122
2022,SAN FP,333,,320,1.01836262,2.93,1.130118178,1.032276403,1.4909
2021,SAN FP,320,,315,1.020954249,5.58,1.140640492,1.014183324,-0.3518
2020,SAN FP,315,,307,1.015680041,1.25,0.8535677249,1.031450343,0.4889
2019,SAN FP,307,,303,1.020624344,2.03,1.038976731,1.028663371,0.0391
2018,SAN FP,303,,296,1.018695904,3.76,1.197423866,0.9663884141,0.1118
2017,SAN FP,296,,293,1.018894654,2.01,1.028035495,0.9539717737,0.1378
2016,SAN FP,293,,285,1.024549617,1.81,0.9089789879,0.9424448081,-0.7883
2015,SAN FP,285,,280,1.03849882,2.19,0.9180913447,0.9755984194,0.2343
2014,SAN FP,280,,277,1.048953354,1.85,0.8658492587,1.013155129,-0.3868
2024,SAN SQ,19.5,16.7,14.05,0.8939503749,0.71,1.169145838,1.24930124,-1.4653
2023,SAN SQ,14.05,11.3,10.98,0.7932192035,0.57,1.144714243,1.04143509,-1.8604
2022,SAN SQ,10.98,10.7,7.6,0.7126310907,0.52,1.013159404,0.9551095238,-0.6408
2021,SAN SQ,7.6,6.5,0,0,-0.62,0,0.9422443135,4.3508
2020,SAN SQ,0,21.2,22,0.8213798754,0.38,0.9596327191,1.015798318,-0.0906
2019,SAN SQ,22,22.3,21,0.7031707312,0.5,1.059839833,1.011610781,-2.7436
2018,SAN SQ,21,,20,0.691445902,0.43,0.9447119882,1.207275608,1.2021
2017,SAN SQ,20,,39.7,0.8524014093,0.43,0.9447119882,1.144363581,0.7287
2016,SAN SQ,39.7,,60.4,0.998349832,0.42,1.158675548,1.137484606,1.3249
2015,SAN SQ,60.4,,60.5,0.8914196795,0.51,0.8793659344,0.9218623327,2.9956
2014,SAN SQ,60.5,,64.1,0.9949653212,0.51,0.756071248,0.9787605783,-6.9116
2024,SAP GY,220,218,205,1.090683956,5.63,1.042439043,1.026479772,0.7441
2023,SAP GY,205,200,245,1.177673606,2.04,0.8688735821,1.017691787,-1.1757
2022,SAP GY,245,200,185,1.097356897,5.27,1.092638293,1.041228633,-0.7131
2021,SAP GY,185,152.5,158,1.081224035,4.97,1.072384301,1.034521106,3.6731
2020,SAP GY,158,162,150,1.092608244,3.11,0.9895060461,1.098498894,-0.9769
2019,SAP GY,150,148,140,1.083706763,4.04,1.124659376,1.081106082,-0.8064
2018,SAP GY,140,138.5,125,1.077217345,4.03,1.034509669,1.065098594,0.9892
2017,SAP GY,125,130,115,1.106011489,3.21,0.9428343995,1.001594418,0.7005
2016,SAP GY,115,114.1,110,1,2.84,0.9691431162,1.025832188,-0.6028
2015,SAP GY,110,100,100,1.185631101,3.64,0.9892464784,1.055978624,-0.4427
2014,SAP GY,100,93,85,1.193483192,3.83,1.225683895,1.118650318,0.1938
2024,SGO FP,210,,200,1.107374679,5.81,1.768732996,1.041674131,1.56
2023,SGO FP,200,,163,1.070151639,6.26,1.292385604,1.048112838,1.45
2022,SGO FP,163,,133,1.007633883,5.42,1.861687003,1.01532147,1.18
2021,SGO FP,133,,0,0,1.05,0.6759327056,0.9857034453,1.24
2020,SGO FP,0,,133,1.023630738,2.9,1.053534525,1.050650018,
2019,SGO FP,133,,130,1.015875662,0.84,0.6942808527,1.033203572,
2018,SGO FP,130,,126,1.005347695,3.4,1.177981656,1.016313331,
2017,SGO FP,126,,124,1,2.48,1.177251803,0.8933762132,
2016,SGO FP,124,,124,1,2.51,1.091537861,0.9118346062,
2015,SGO FP,124,,124,1.025434555,2.08,0.8689631456,0.948309729,
2014,SGO FP,124,,124,1.074337071,1.52,0.8062725298,1.026230009,
2024,SIE GY,470,470,425,1.029061762,5.3,1.242955544,1.090837545,1.3046
2023,SIE GY,425,425,400,1.017244768,2.49,0.8868368084,0.9268828145,-0.5072
2022,SIE GY,400,400,350,0.9816472179,4.54,1.028742304,0.9097922275,1.2567
2021,SIE GY,350,350,390,1.027040025,2.76,0.8821877231,0.8869690273,0.0309
2020,SIE GY,390,390,380,1.027791884,3.57,0.9854920567,1.035192829,0.0223
2019,SIE GY,380,,370,1.038873324,4.17,0.9400351921,1.043881235,-1.0134
2018,SIE GY,370,,360,1.062658569,4.02,1.050577338,0.9798009584,-0.9334
2017,SIE GY,360,,350,1.0527266,3.73,1.041673535,0.9609155122,3.4396
2016,SIE GY,350,,330,1.032280115,5.02,1.1524178,0.9488807225,4.5611
2015,SIE GY,330,,300,1,3.3,1,1,-5.6502
2014,SIE GY,300,,300,1.035744169,3.3,1.029996302,0.9883579172,1.5578
2024,STLAM IM,155,157,134,0.75457867,6.43,6.850574481,1.27485244,1.0122
2023,STLAM IM,134,114.5,104,0.8109602661,5.6,1.058640918,1.16017537,0.512
2022,STLAM IM,104,87.1,235.34,1.098577168,5.34,1.252153152,1.106760214,2.8346
2021,STLAM IM,235.34,,0,0,0.02,0.1992063409,0.9242863526,-1.0391
2020,STLAM IM,0,,195,5.798889998,4.72,1.533052053,0.9954098161,-1.8486
2019,STLAM IM,195,,0,0,2.72,2.215863303,1.020196549,2.1745
2018,STLAM IM,0,,0,0,2.53,1.683765282,0.9938478644,-0.023
2017,STLAM IM,0,,1,1.618644583,1.31,1.097855968,2.769879858,0.6094
2016,STLAM IM,1,,0,0,0.25,0.5025189076,4.608998216,0.6595
2015,STLAM IM,0,,0,0,0.53,0.5353535354,22.09513925,0.0469
2014,STLAM IM,0,,0,0,0.99,1,1,
2024,SU FP,350,355,315,1.072976288,1.53,1.207046662,1.10577272,6.4753
2023,SU FP,315,300,290,1.072613796,1.3,1.102530314,1.057858404,
2022,SU FP,290,301.2,260,1.05726427,1.34,1.109923145,1.040306887,
2021,SU FP,260,240,255,1.077217345,0.87,1.003861042,1.009117931,
2020,SU FP,255,252.5,235,1.055227147,0.97,1.125695527,1.036379313,
2019,SU FP,235,230,220,1.046422696,0.98,1.212330772,1.008868305,
2018,SU FP,220,211,204,1.029428498,0.86,0.9849601212,0.944893982,
2017,SU FP,204,205,200,1.022655746,0.68,0.9107981387,0.9559105585,
2016,SU FP,200,188,192,1.04139967,0.55,0.8649305851,0.9866614182,
2015,SU FP,192,187.5,187,1.05335285,0.9,0.98560951,1.020631257,
2014,SU FP,187,180.2,187,1.221910079,0.9,0.8027206223,1.06360005,
2024,TTE FP,306,310,286,1.021904739,8.67,1.200800225,1.222950248,-1.5356
2023,TTE FP,286,275.4,367,1.12464499,7.85,1.23474668,1.143177226,5.4101
2022,TTE FP,367,256,264,1.018328674,5.92,1.117682926,1.000955059,5.2785
2021,TTE FP,264,227,268,1.028963325,-2.9,0,0.9294184956,-3.1236
2020,TTE FP,268,271,258,1.018771123,4.17,1.184370126,1.112731575,0.6385
2019,TTE FP,258,194,250,1.109591121,4.24,1.252095251,1.089342975,0.4784
2018,TTE FP,250,306,246,1.005479561,3.34,1.215470737,0.8892707324,3.8948
2017,TTE FP,246,235.5,244,1.011174109,2.51,0.797962087,0.8174219371,1.0368
2016,TTE FP,244,236,183,1.164119865,2.16,0.7105899921,0.8499240374,-2.2848
2015,TTE FP,183,176,242,1.020062635,1.86,0.6360016109,1.043602568,0.9627
2014,TTE FP,242,235,236,0.8836805557,4.94,0.9158801755,1.14406739,-2.0189
2024,UCG IM,272.61,168,98.72,1.382803104,2.73,2.612470096,1.392658942,-14.6824
2023,UCG IM,98.72,77,53.8,1.258363668,1.61,4.025,1.26705856,4.5864
2022,UCG IM,53.8,52.9,12,0.7211247852,0.4,1,1.207007676,-24.3932
2021,UCG IM,12,11.3,0,0,-0.74,0,1,22.3645
2020,UCG IM,0,61,27,0.7663094324,,,,
2019,UCG IM,27,27.8,32,0.8109602661,,,,
2018,UCG IM,32,,0,0,,,,
2017,UCG IM,0,,60,1.100642416,,,,
2016,UCG IM,60,,60,0.8823258719,,,,
2015,UCG IM,60,,50,0.7963639705,,,,
2014,UCG IM,50,,45,0.7688809598,3.46,1.221164487,,
2024,VOW3 GY,900,,2776,1.794979149,3.13,1.016504622,1.11064691,-2.2362
2023,VOW3 GY,2776,,750,1.160397208,3.5,1.07979443,1.013082596,-3.354
2022,VOW3 GY,750,,480,1.07166458,1.9,0.9053945554,1.020488907,3.5146
2021,VOW3 GY,480,,480,1.3388659,2.98,1.381590294,0.992088113,1.6847
2020,VOW3 GY,480,,480,3.520595942,2.78,1.029999374,1.055781047,3.9857
2019,VOW3 GY,480,,390,0.9331277892,2.56,1.012001145,1.055758317,0.6436
2018,VOW3 GY,390,,200,0.793700526,1.13,0.7613999186,0.9895022748,-4.9992
2017,VOW3 GY,200,,11,0.3155790857,-0.36,0,0.9721559936,1.6631
2016,VOW3 GY,11,,480,1.169607095,2.47,0.8268089557,0.9848330652,0.442
2015,VOW3 GY,480,,400,1.220522444,2.56,1.069952653,1.066392333,-0.7209
2014,VOW3 GY,400,,350,1.298123525,6.14,2.6498308,1.158098546,1.3192
2024,WKL NA,219,,190,1.146729589,4.43,1.128801739,1.04753359,0.0709
2023,WKL NA,190,,166,1.172439085,4.23,1.15294988,1.036111679,0.5469
2022,WKL NA,166,,143,1.130403814,3.29,1.057751624,1.039129983,0.6451
2021,WKL NA,143,,126,1.163483386,3.08,1.054059166,1.017047984,0.5046
2020,WKL NA,126,,103,1.106643857,2.76,1.144714243,1.027953023,0.5545
2019,WKL NA,103,,99,1.036131943,2.78,1.207246355,1.024911058,0.1819
2018,WKL NA,99,,80,1.045515917,2.63,1.136844083,1.009030907,0.2273
2017,WKL NA,80,,76,1.032733267,1.84,1.052091662,1.001405977,0.1951
2016,WKL NA,76,,89,1.093856532,1.58,1.033809098,1.002797518,0.2427
2015,WKL NA,89,,70,1.014707988,1.79,1.500349325,1.0135846,0.0652
2014,WKL NA,70,,69,1.014927574,1.58,1.064458164,1.000916849,0.1061