Ticker,Year,Actual,Forecast,Error,Absolute_Error,APE,,,,
ABI BB,2016,360,299.6745713,-60.32542873,60.32542873,0.167570635,,,178.8071,2024
ABI BB,2017,360,360,-1.71E-13,1.71E-13,4.74E-16,,,172.3005,2023
ABI BB,2018,280,360,80,80,0.285714286,,,132.7815,2022
ABI BB,2019,180,316.2569336,136.2569336,136.2569336,0.756982964,,,94.5524,2021
ABI BB,2020,50,223.5737512,173.5737512,173.5737512,3.471475025,,,82.838,2020
ABI BB,2021,50,112.328253,62.32825304,62.32825304,1.246565061,,,97.538,2019
ABI BB,2022,50,50,0,0,0,,,95.376,2018
ABI BB,2023,75,50,-25,25,0.333333333,,,81.351,2017
ABI BB,2024,82,85.27538193,3.275381927,3.275381927,0.039943682,,,,
ABI BB,2025,100,84.32558161,-15.67441839,15.67441839,0.156744184,,,,
AD NA,2016,181,64.35574879,-116.6442512,116.6442512,0.644443377,,,,
AD NA,2017,57,114.4876545,57.48765452,57.48765452,1.008555342,,,,
AD NA,2018,63,89.73810904,26.73810904,26.73810904,0.424414429,,,,
AD NA,2019,100,60.6405263,-39.3594737,39.3594737,0.393594737,,,,
AD NA,2020,96,83.84548574,-12.15451426,12.15451426,0.126609524,,,,
AD NA,2021,83,98.08234828,15.08234828,15.08234828,0.18171504,,,,
AD NA,2022,98,82.72510869,-15.27489131,15.27489131,0.155866238,,,,
AD NA,2023,108,85.06866612,-22.93133388,22.93133388,0.212327166,,,,
AD NA,2024,111,99.91028636,-11.08971364,11.08971364,0.09990733,,,,
AD NA,2025,67,108.6942356,41.69423557,41.69423557,0.622302023,,,,
ADS GY,2016,160,150,-10,10,0.0625,,,,
ADS GY,2017,200,159.3015862,-40.69841379,40.69841379,0.203492069,,,,
ADS GY,2018,260,197.0047476,-62.99525239,62.99525239,0.242289432,,,,
ADS GY,2019,335,255.8414893,-79.15851074,79.15851074,0.236294062,,,,
ADS GY,2020,0,336.9064522,336.9064522,336.9064522,,,,,
ADS GY,2021,300,0.166882309,-299.8331177,299.8331177,0.999443726,,,,
ADS GY,2022,330,4.082679375,-325.9173206,325.9173206,0.987628244,,,,
ADS GY,2023,70,315.7871958,245.7871958,245.7871958,3.511245655,,,,
ADS GY,2024,70,143.5661339,73.5661339,73.5661339,1.05094477,,,,
ADS GY,2025,200,70,-130,130,0.65,,,,
AI FP,2016,260,255,-5,5,0.019230769,,,,
AI FP,2017,260,257.6919785,-2.308021507,2.308021507,0.008877006,,,,
AI FP,2018,265,260,-5,5,0.018867925,,,,
AI FP,2019,265,262.6908967,-2.309103317,2.309103317,0.008713597,,,,
AI FP,2020,270,265,-5,5,0.018518519,,,,
AI FP,2021,275,266.1976669,-8.802333057,8.802333057,0.032008484,,,,
AI FP,2022,290,275.1624932,-14.83750681,14.83750681,0.051163817,,,,
AI FP,2023,295,299.8972376,4.897237612,4.897237612,0.016600805,,,,
AI FP,2024,320,297.3823858,-22.61761424,22.61761424,0.070680044,,,,
AI FP,2025,330,336.9624844,6.962484352,6.962484352,0.021098437,,,,
AIR FP,2016,130,88.79038623,-41.20961377,41.20961377,0.316997029,,,,
AIR FP,2017,135,123.4722167,-11.52778335,11.52778335,0.085390988,,,,
AIR FP,2018,150,131.7465869,-18.25341311,18.25341311,0.121689421,,,,
AIR FP,2019,165,138.6643933,-26.33560673,26.33560673,0.159609738,,,,
AIR FP,2020,0,154.4524342,154.4524342,154.4524342,,,,,
AIR FP,2021,0,12.79446134,12.79446134,12.79446134,,,,,
AIR FP,2022,150,-2.03E-17,-150,150,1,,,,
AIR FP,2023,180,142.4524919,-37.54750812,37.54750812,0.208597267,,,,
AIR FP,2024,280,180.2754733,-99.72452675,99.72452675,0.356159024,,,,
AIR FP,2025,300,281.132366,-18.86763397,18.86763397,0.062892113,,,,
ALV GY,2016,730,574.216788,-155.783212,155.783212,0.21340166,,,,
ALV GY,2017,760,698.7708238,-61.22917616,61.22917616,0.080564705,,,,
ALV GY,2018,800,739.2622684,-60.73773156,60.73773156,0.075922164,,,,
ALV GY,2019,900,765.6986933,-134.3013067,134.3013067,0.149223674,,,,
ALV GY,2020,960,816.6700242,-143.3299758,143.3299758,0.149302058,,,,
ALV GY,2021,960,914.4139949,-45.58600508,45.58600508,0.047485422,,,,
ALV GY,2022,1080,960,-120,120,0.111111111,,,,
ALV GY,2023,1140,1174.093761,34.09376105,34.09376105,0.029906808,,,,
ALV GY,2024,1380,1185.432824,-194.5671763,194.5671763,0.140990707,,,,
ALV GY,2025,1540,1577.500199,37.50019947,37.50019947,0.024350779,,,,
ASML NA,2018,140,112.309916,-27.69008399,27.69008399,0.197786314,,,,
ASML NA,2019,315,129.7115628,-185.2884372,185.2884372,0.588217261,,,,
ASML NA,2020,255,210.6989524,-44.30104759,44.30104759,0.173729598,,,,
ASML NA,2021,335,294.5161804,-40.48381965,40.48381965,0.120847223,,,,
ASML NA,2022,644,354.4118345,-289.5881655,289.5881655,0.449671064,,,,
ASML NA,2023,596,729.7395813,133.7395813,133.7395813,0.224395271,,,,
ASML NA,2024,624,591.0996825,-32.90031746,32.90031746,0.052724868,,,,
ASML NA,2025,336,625.9073946,289.9073946,289.9073946,0.862819627,,,,
BAS GY,2016,290,273.1608573,-16.83914267,16.83914267,0.058066009,,,,
BAS GY,2017,300,283.1617504,-16.83824957,16.83824957,0.056127499,,,,
BAS GY,2018,310,293.1622379,-16.8377621,16.8377621,0.054315362,,,,
BAS GY,2019,320,301.4967171,-18.50328294,18.50328294,0.057822759,,,,
BAS GY,2020,330,311.7327553,-18.26724465,18.26724465,0.055355287,,,,
BAS GY,2021,330,322.4130164,-7.586983551,7.586983551,0.022990859,,,,
BAS GY,2022,340,330,-10,10,0.029411765,,,,
BAS GY,2023,340,349.1753863,9.175386254,9.175386254,0.02698643,,,,
BAS GY,2024,340,340,5.68E-14,5.68E-14,1.67E-16,,,,
BAS GY,2025,225,340,115,115,0.511111111,,,,
BAYN GY,2016,250,214.7370651,-35.26293487,35.26293487,0.141051739,,,,
BAYN GY,2017,270,232.7946478,-37.20535224,37.20535224,0.137797601,,,,
BAYN GY,2018,280,256.2996904,-23.70030956,23.70030956,0.084643963,,,,
BAYN GY,2019,280,271.5212011,-8.478798933,8.478798933,0.030281425,,,,
BAYN GY,2020,280,280,-1.14E-13,1.14E-13,4.06E-16,,,,
BAYN GY,2021,200,280,80,80,0.4,,,,
BAYN GY,2022,200,188.7466249,-11.25337508,11.25337508,0.056266875,,,,
BAYN GY,2023,240,200,-40,40,0.166666667,,,,
BAYN GY,2024,11,245.3455985,234.3455985,234.3455985,21.30414531,,,,
BAYN GY,2025,11,39.48403233,28.48403233,28.48403233,2.589457485,,,,
BBVA SQ,2016,36.9,34.47614407,-2.423855929,2.423855929,0.065687153,,,,
BBVA SQ,2017,30.1,36.95815766,6.858157662,6.858157662,0.22784577,,,,
BBVA SQ,2018,25,34.24059106,9.240591058,9.240591058,0.369623642,,,,
BBVA SQ,2019,26,29.61215622,3.612156216,3.612156216,0.138929085,,,,
BBVA SQ,2020,16,25.10103206,9.101032056,9.101032056,0.568814504,,,,
BBVA SQ,2021,13.9,23.86979091,9.969790905,9.969790905,0.717251144,,,,
BBVA SQ,2022,35,14.46196803,-20.53803197,20.53803197,0.586800913,,,,
BBVA SQ,2023,47,30.23203594,-16.76796406,16.76796406,0.356765193,,,,
BBVA SQ,2024,68,49.45062626,-18.54937374,18.54937374,0.272784908,,,,
BBVA SQ,2025,41,74.29321354,33.29321354,33.29321354,0.812029598,,,,
BMW GY,2016,320,277.3499597,-42.65004033,42.65004033,0.133281376,,,,
BMW GY,2017,350,307.3549981,-42.64500187,42.64500187,0.121842862,,,,
BMW GY,2018,400,333.8284013,-66.17159871,66.17159871,0.165428997,,,,
BMW GY,2019,350,376.6667564,26.66675639,26.66675639,0.076190733,,,,
BMW GY,2020,250,377.2235491,127.2235491,127.2235491,0.508894196,,,,
BMW GY,2021,0,317.1284997,317.1284997,317.1284997,,,,,
BMW GY,2022,580,-0.794393579,-580.7943936,580.7943936,1.001369644,,,,
BMW GY,2023,850,2.755921851,-847.2440781,847.2440781,0.996757739,,,,
BMW GY,2024,600,732.0132074,132.0132074,132.0132074,0.220022012,,,,
BMW GY,2025,430,687.8269944,257.8269944,257.8269944,0.599597661,,,,
BN FP,2016,160,147.6843337,-12.31566629,12.31566629,0.076972914,,,,
BN FP,2017,170,155.3274436,-14.67255636,14.67255636,0.086309155,,,,
BN FP,2018,190,165.3311004,-24.66889959,24.66889959,0.129836314,,,,
BN FP,2019,194,180.5401746,-13.45982536,13.45982536,0.069380543,,,,
BN FP,2020,210,192.153119,-17.84688099,17.84688099,0.084985148,,,,
BN FP,2021,194,197.6701496,3.670149557,3.670149557,0.018918297,,,,
BN FP,2022,194,193.9428218,-0.057178157,0.057178157,0.000294733,,,,
BN FP,2023,200,194,-6,6,0.03,,,,
BN FP,2024,210,201.735113,-8.264887034,8.264887034,0.039356605,,,,
BN FP,2025,215,212.9667022,-2.033297759,2.033297759,0.009457199,,,,
BNP FP,2016,231,150,-81,81,0.350649351,,,,
BNP FP,2017,270,188.2508425,-81.74915749,81.74915749,0.302774657,,,,
BNP FP,2018,302,250.4723728,-51.52762724,51.52762724,0.170621282,,,,
BNP FP,2019,302,286.3528331,-15.64716692,15.64716692,0.051811811,,,,
BNP FP,2020,0,302,302,302,,,,,
BNP FP,2021,266,51.52263488,-214.4773651,214.4773651,0.806305884,,,,
BNP FP,2022,367,4.541025119,-362.4589749,362.4589749,0.987626635,,,,
BNP FP,2023,390,320.208921,-69.79107896,69.79107896,0.178951485,,,,
BNP FP,2024,460,380.1010365,-79.89896349,79.89896349,0.173693399,,,,
BNP FP,2025,479,428.9155562,-50.08444376,50.08444376,0.104560425,,,,
CS FP,2016,110,88.34712179,-21.65287821,21.65287821,0.196844347,,,,
CS FP,2017,116,102.8965199,-13.10348012,13.10348012,0.112961036,,,,
CS FP,2018,126,113.1722876,-12.82771245,12.82771245,0.101807242,,,,
CS FP,2019,134,121.3076571,-12.69234295,12.69234295,0.094718977,,,,
CS FP,2020,73,130.2489185,57.24891854,57.24891854,0.784231761,,,,
CS FP,2021,143,114.9634626,-28.03653738,28.03653738,0.196059702,,,,
CS FP,2022,154,147.5285768,-6.47142321,6.47142321,0.042022229,,,,
CS FP,2023,170,150.12698,-19.87302003,19.87302003,0.116900118,,,,
CS FP,2024,198,164.0117833,-33.98821671,33.98821671,0.17165766,,,,
CS FP,2025,215,186.9699871,-28.03001293,28.03001293,0.130372153,,,,
DB1 GY,2016,225,210,-15,15,0.066666667,,,,
DB1 GY,2017,235,218.0856039,-16.91439609,16.91439609,0.071976154,,,,
DB1 GY,2018,245,229.150928,-15.84907199,15.84907199,0.06469009,,,,
DB1 GY,2019,270,240.6790787,-29.32092125,29.32092125,0.108596005,,,,
DB1 GY,2020,290,258.3941717,-31.6058283,31.6058283,0.108985615,,,,
DB1 GY,2021,300,274.4049442,-25.59505583,25.59505583,0.085316853,,,,
DB1 GY,2022,320,300.0574808,-19.94251917,19.94251917,0.062320372,,,,
DB1 GY,2023,360,336.0192734,-23.98072662,23.98072662,0.066613129,,,,
DB1 GY,2024,380,397.0568837,17.05688365,17.05688365,0.044886536,,,,
DB1 GY,2025,400,397.1474018,-2.85259824,2.85259824,0.007131496,,,,
DG FP,2016,190,194.0921886,4.092188577,4.092188577,0.021537835,,,,
DG FP,2017,216,182.9134502,-33.08654977,33.08654977,0.153178471,,,,
DG FP,2018,251,199.0964567,-51.90354325,51.90354325,0.206787025,,,,
DG FP,2019,271,222.9856748,-48.01432517,48.01432517,0.177174632,,,,
DG FP,2020,125,256.2129374,131.2129374,131.2129374,1.049703499,,,,
DG FP,2021,269,196.3314591,-72.66854092,72.66854092,0.270143275,,,,
DG FP,2022,325,200.2356876,-124.7643124,124.7643124,0.383890192,,,,
DG FP,2023,405,302.9805474,-102.0194526,102.0194526,0.251899883,,,,
DG FP,2024,450,378.3240924,-71.67590759,71.67590759,0.159279795,,,,
DG FP,2025,370,437.0938218,67.09382185,67.09382185,0.181334654,,,,
DHL GY,2016,85,82.84772769,-2.152272314,2.152272314,0.025320851,,,,
DHL GY,2017,105,85,-20,20,0.19047619,,,,
DHL GY,2018,115,93.17598903,-21.82401097,21.82401097,0.189774008,,,,
DHL GY,2019,115,110.7536655,-4.246334486,4.246334486,0.036924648,,,,
DHL GY,2020,115,115,0,0,0,,,,
DHL GY,2021,135,115,-20,20,0.148148148,,,,
DHL GY,2022,180,140.8585033,-39.14149671,39.14149671,0.217452759,,,,
DHL GY,2023,185,219.0922119,34.09221192,34.09221192,0.184282227,,,,
DHL GY,2024,185,187.0846424,2.084642363,2.084642363,0.011268337,,,,
DHL GY,2025,185,185,8.53E-14,8.53E-14,4.61E-16,,,,
DTE GY,2016,55,50,-5,5,0.090909091,,,,
DTE GY,2017,60,52.59586284,-7.404137164,7.404137164,0.123402286,,,,
DTE GY,2018,65,56.92746266,-8.072537338,8.072537338,0.124192882,,,,
DTE GY,2019,70,62.66613961,-7.333860392,7.333860392,0.104769434,,,,
DTE GY,2020,60,67.58303149,7.58303149,7.58303149,0.126383858,,,,
DTE GY,2021,60,68.06510309,8.065103089,8.065103089,0.134418385,,,,
DTE GY,2022,64,60,-4,4,0.0625,,,,
DTE GY,2023,70,64.56479384,-5.435206157,5.435206157,0.077645802,,,,
DTE GY,2024,77,71.54427067,-5.455729326,5.455729326,0.070853628,,,,
DTE GY,2025,90,79.82170518,-10.17829482,10.17829482,0.113092165,,,,
EL FP,2016,111,98.21853794,-12.78146206,12.78146206,0.115148307,,,,
EL FP,2017,150,106.7527627,-43.2472373,43.2472373,0.288314915,,,,
EL FP,2018,153,130.5724436,-22.42755635,22.42755635,0.146585336,,,,
EL FP,2019,204,151.6126254,-52.38737457,52.38737457,0.256800856,,,,
EL FP,2020,115,178.709557,63.70955702,63.70955702,0.553996148,,,,
EL FP,2021,108,177.4053551,69.40535514,69.40535514,0.642642177,,,,
EL FP,2022,251,107.4862321,-143.5137679,143.5137679,0.571768,,,,
EL FP,2023,323,211.8733018,-111.1266982,111.1266982,0.344045505,,,,
EL FP,2024,395,327.5105548,-67.48944518,67.48944518,0.170859355,,,,
EL FP,2025,395,401.7020498,6.702049826,6.702049826,0.016967215,,,,
ENEL IM,2016,16,13.57185911,-2.428140891,2.428140891,0.151758806,,,,
ENEL IM,2017,18,15.13075649,-2.869243507,2.869243507,0.159402417,,,,
ENEL IM,2018,23.7,17.1361818,-6.563818195,6.563818195,0.276954354,,,,
ENEL IM,2019,28,21.13076329,-6.869236709,6.869236709,0.245329882,,,,
ENEL IM,2020,32.8,26.1105292,-6.689470797,6.689470797,0.20394728,,,,
ENEL IM,2021,35.8,28.66836854,-7.131631459,7.131631459,0.199207583,,,,
ENEL IM,2022,38,35.08761289,-2.912387107,2.912387107,0.076641766,,,,
ENEL IM,2023,40,39.66946738,-0.330532617,0.330532617,0.008263315,,,,
ENEL IM,2024,43,41.71089758,-1.289102416,1.289102416,0.029979126,,,,
ENEL IM,2025,47,45.69868449,-1.301315507,1.301315507,0.027687564,,,,
ENI IM,2016,80,102.0800911,22.08009106,22.08009106,0.276001138,,,,
ENI IM,2017,80,86.09677395,6.096773948,6.096773948,0.076209674,,,,
ENI IM,2018,82,80,-2,2,0.024390244,,,,
ENI IM,2019,84,81.20397632,-2.796023684,2.796023684,0.033285996,,,,
ENI IM,2020,55,83.19449377,28.19449377,28.19449377,0.512627159,,,,
ENI IM,2021,67,71.05957742,4.059577416,4.059577416,0.060590708,,,,
ENI IM,2022,87,64.73644165,-22.26355835,22.26355835,0.25590297,,,,
ENI IM,2023,91,85.73731461,-5.262685393,5.262685393,0.057831708,,,,
ENI IM,2024,97,90.96560542,-6.034394577,6.034394577,0.062210253,,,,
ENI IM,2025,50,96.49219034,46.49219034,46.49219034,0.929843807,,,,
IBE SQ,2016,28.1,15.009146,-13.090854,13.090854,0.465866691,,,,
IBE SQ,2017,31.2,26.47386615,-4.726133849,4.726133849,0.151478649,,,,
IBE SQ,2018,32.6,30.93154677,-1.668453226,1.668453226,0.051179547,,,,
IBE SQ,2019,35.1,32.47289743,-2.62710257,2.62710257,0.074846227,,,,
IBE SQ,2020,40,35.0490598,-4.950940198,4.950940198,0.123773505,,,,
IBE SQ,2021,42.2,39.89261172,-2.307388278,2.307388278,0.054677447,,,,
IBE SQ,2022,44.9,42.11688995,-2.783110051,2.783110051,0.061984634,,,,
IBE SQ,2023,50.1,42.73598864,-7.364011357,7.364011357,0.146986255,,,,
IBE SQ,2024,55.8,46.05644987,-9.743550132,9.743550132,0.174615594,,,,
IBE SQ,2025,64.5,60.61184195,-3.888158055,3.888158055,0.06028152,,,,
IFX GY,2016,20,14.14040062,-5.859599377,5.859599377,0.292979969,,,,
IFX GY,2017,22,18.79157505,-3.208424951,3.208424951,0.145837498,,,,
IFX GY,2018,25,20.79533807,-4.204661927,4.204661927,0.168186477,,,,
IFX GY,2019,27,23.18423596,-3.815764039,3.815764039,0.141324594,,,,
IFX GY,2020,27,25.38667504,-1.613324961,1.613324961,0.059752776,,,,
IFX GY,2021,22,27,5,5,0.227272727,,,,
IFX GY,2022,27,21.67909931,-5.320900689,5.320900689,0.197070396,,,,
IFX GY,2023,32,27.63680925,-4.363190747,4.363190747,0.136349711,,,,
IFX GY,2024,35,34.2723674,-0.727632596,0.727632596,0.020789503,,,,
IFX GY,2025,35,35.78758737,0.787587366,0.787587366,0.022502496,,,,
INGA NA,2016,65,33.55563875,-31.44436125,31.44436125,0.483759404,,,,
INGA NA,2017,66,66.357674,0.357673995,0.357673995,0.005419303,,,,
INGA NA,2018,67,66.11937745,-0.880622552,0.880622552,0.01314362,,,,
INGA NA,2019,68,67.14251303,-0.857486967,0.857486967,0.012610102,,,,
INGA NA,2020,0,68.14250807,68.14250807,68.14250807,,,,,
INGA NA,2021,60,-0.40024119,-60.40024119,60.40024119,1.006670687,,,,
INGA NA,2022,81.2,9.956051768,-71.24394823,71.24394823,0.877388525,,,,
INGA NA,2023,82.1,74.96524693,-7.134753072,7.134753072,0.086903204,,,,
INGA NA,2024,110.6,81.78585421,-28.81414579,28.81414579,0.26052573,,,,
INGA NA,2025,87.1,97.61370953,10.51370953,10.51370953,0.120708491,,,,
ISP IM,2016,14,6.106844163,-7.893155837,7.893155837,0.563796846,,,,
ISP IM,2017,17.8,10.63661563,-7.163384375,7.163384375,0.402437324,,,,
ISP IM,2018,20.3,15.09433469,-5.205665311,5.205665311,0.256436715,,,,
ISP IM,2019,19.7,19.37523899,-0.324761006,0.324761006,0.01648533,,,,
ISP IM,2020,0,19.94885076,19.94885076,19.94885076,,,,,
ISP IM,2021,20.74,4.534377429,-16.20562257,16.20562257,0.781370423,,,,
ISP IM,2022,15.27,1.587352159,-13.68264784,13.68264784,0.896047665,,,,
ISP IM,2023,23.08,17.59585872,-5.48414128,5.48414128,0.23761444,,,,
ISP IM,2024,32.2,19.05943577,-13.14056423,13.14056423,0.408092057,,,,
ISP IM,2025,17.1,27.51356027,10.41356027,10.41356027,0.608980133,,,,
ITX SQ,2023,120,84.57100927,-35.42899073,35.42899073,0.295241589,,,,
ITX SQ,2024,154,111.8133117,-42.18668831,42.18668831,0.273939534,,,,
ITX SQ,2025,84,145.1713779,61.17137787,61.17137787,0.728230689,,,,
MBG GY,2016,325,231.8880353,-93.11196471,93.11196471,0.286498353,,,,
MBG GY,2017,325,270.7788398,-54.22116022,54.22116022,0.166834339,,,,
MBG GY,2018,365,325,-40,40,0.109589041,,,,
MBG GY,2019,325,332.0220237,7.022023735,7.022023735,0.021606227,,,,
MBG GY,2020,90,357.6006596,267.6006596,267.6006596,2.973340662,,,,
MBG GY,2021,135,234.6143946,99.61439462,99.61439462,0.737884405,,,,
MBG GY,2022,500,132.582959,-367.417041,367.417041,0.734834082,,,,
MBG GY,2023,520,550.9992226,30.9992226,30.9992226,0.05961389,,,,
MBG GY,2024,530,521.1261474,-8.873852634,8.873852634,0.016743118,,,,
MBG GY,2025,430,530.5086366,100.5086366,100.5086366,0.233741015,,,,
MC FP,2020,460,564.1301883,104.1301883,104.1301883,0.226369975,,,,
MC FP,2021,700,526.1379968,-173.8620032,173.8620032,0.24837429,,,,
MC FP,2022,1200,680.1557159,-519.8442841,519.8442841,0.43320357,,,,
MC FP,2023,1250,1436.747454,186.7474538,186.7474538,0.149397963,,,,
MC FP,2024,1300,1261.911104,-38.08889648,38.08889648,0.029299151,,,,
MC FP,2025,750,1311.824897,561.8248966,561.8248966,0.749099862,,,,
MUV2 GY,2016,825,740.3458969,-84.65410306,84.65410306,0.102611034,,,,
MUV2 GY,2017,860,790.3688624,-69.63113764,69.63113764,0.080966439,,,,
MUV2 GY,2018,860,835.8374486,-24.16255136,24.16255136,0.02809599,,,,
MUV2 GY,2019,925,860,-65,65,0.07027027,,,,
MUV2 GY,2020,980,870.775437,-109.224563,109.224563,0.111453636,,,,
MUV2 GY,2021,980,937.7716228,-42.22837716,42.22837716,0.043090181,,,,
MUV2 GY,2022,1100,980,-120,120,0.109090909,,,,
MUV2 GY,2023,1160,1176.750574,16.75057373,16.75057373,0.01444015,,,,
MUV2 GY,2024,1500,1193.970041,-306.0299589,306.0299589,0.204019973,,,,
MUV2 GY,2025,2000,1774.255242,-225.7447579,225.7447579,0.112872379,,,,
NOKIA FH,2016,41,15.65596517,-25.34403483,25.34403483,0.618147191,,,,
NOKIA FH,2017,17,35.3266729,18.3266729,18.3266729,1.078039582,,,,
NOKIA FH,2018,19,19.64232138,0.642321381,0.642321381,0.033806388,,,,
NOKIA FH,2019,10,18.66384698,8.663846979,8.663846979,0.866384698,,,,
NOKIA FH,2020,0,11.12260853,11.12260853,11.12260853,,,,,
NOKIA FH,2021,0,0.591821077,0.591821077,0.591821077,,,,,
NOKIA FH,2022,6,2.05E-17,-6,6,1,,,,
NOKIA FH,2023,11,2.657200524,-8.342799476,8.342799476,0.758436316,,,,
NOKIA FH,2024,13,11.24964426,-1.750355738,1.750355738,0.134642749,,,,
NOKIA FH,2025,7,13.2742572,6.274257197,6.274257197,0.896322457,,,,
OR FP,2016,310,260.6385638,-49.36143616,49.36143616,0.159230439,,,,
OR FP,2017,330,290.9581968,-39.04180323,39.04180323,0.118308495,,,,
OR FP,2018,355,320.6693251,-34.33067488,34.33067488,0.096706126,,,,
OR FP,2019,385,343.30569,-41.69431005,41.69431005,0.108296909,,,,
OR FP,2020,385,370.9300953,-14.06990473,14.06990473,0.036545207,,,,
OR FP,2021,400,385,-15,15,0.0375,,,,
OR FP,2022,480,402.2013657,-77.79863427,77.79863427,0.162080488,,,,
OR FP,2023,600,554.5901907,-45.40980928,45.40980928,0.075683015,,,,
OR FP,2024,660,728.2128597,68.21285972,68.21285972,0.103352818,,,,
OR FP,2025,700,710.159858,10.15985796,10.15985796,0.014514083,,,,
RHM GY,2023,430,358.6848839,-71.3151161,71.3151161,0.165849107,,,,
RHM GY,2024,570,435.6587733,-134.3412267,134.3412267,0.235686363,,,,
RHM GY,2025,810,683.8848051,-126.1151949,126.1151949,0.155697772,,,,
RI FP,2016,188,177.693313,-10.30668702,10.30668702,0.054822803,,,,
RI FP,2017,202,187.1140509,-14.88594913,14.88594913,0.073692817,,,,
RI FP,2018,236,192.2284116,-43.77158837,43.77158837,0.185472832,,,,
RI FP,2019,312,257.315383,-54.68461705,54.68461705,0.175271208,,,,
RI FP,2020,266,402.4726129,136.4726129,136.4726129,0.513054936,,,,
RI FP,2021,312,259.6610784,-52.33892158,52.33892158,0.167752954,,,,
RI FP,2022,412,309.4623175,-102.5376825,102.5376825,0.24887787,,,,
RI FP,2023,470,433.6145692,-36.38543079,36.38543079,0.07741581,,,,
RI FP,2024,470,487.2156341,17.21563409,17.21563409,0.036629009,,,,
RI FP,2025,235,470,235,235,1,,,,
RMS FP,2016,335,676.8375552,341.8375552,341.8375552,1.020410612,,,,
RMS FP,2017,375,455.4518553,80.45185533,80.45185533,0.214538281,,,,
RMS FP,2018,910,361.7859448,-548.2140552,548.2140552,0.602433028,,,,
RMS FP,2019,455,704.7692018,249.7692018,249.7692018,0.548943301,,,,
RMS FP,2020,455,587.4747886,132.4747886,132.4747886,0.291153382,,,,
RMS FP,2021,455,455,1.71E-13,1.71E-13,3.75E-16,,,,
RMS FP,2022,800,455,-345,345,0.43125,,,,
RMS FP,2023,1300,635.0589362,-664.9410638,664.9410638,0.511493126,,,,
RMS FP,2024,2500,1041.036927,-1458.963073,1458.963073,0.583585229,,,,
RMS FP,2025,2600,2485.159568,-114.8404316,114.8404316,0.044169397,,,,
SAF FP,2016,147,121.8856089,-25.11439111,25.11439111,0.170846198,,,,
SAF FP,2017,83,135.0881609,52.08816093,52.08816093,0.627568204,,,,
SAF FP,2018,160,108.7948974,-51.20510258,51.20510258,0.320031891,,,,
SAF FP,2019,182,115.2538741,-66.74612591,66.74612591,0.366736956,,,,
SAF FP,2020,0,169.3321648,169.3321648,169.3321648,,,,,
SAF FP,2021,43,4.874757704,-38.1252423,38.1252423,0.886633542,,,,
SAF FP,2022,50,3.163723308,-46.83627669,46.83627669,0.936725534,,,,
SAF FP,2023,135,46.84686176,-88.15313824,88.15313824,0.652986209,,,,
SAF FP,2024,220,88.38991939,-131.6100806,131.6100806,0.598227639,,,,
SAF FP,2025,290,180.1634221,-109.8365779,109.8365779,0.37874682,,,,
SAN FP,2016,293,282.7198497,-10.28015028,10.28015028,0.035085837,,,,
SAN FP,2017,296,289.337612,-6.662387996,6.662387996,0.022508068,,,,
SAN FP,2018,303,294.6325245,-8.367475456,8.367475456,0.027615431,,,,
SAN FP,2019,307,299.7969375,-7.20306247,7.20306247,0.023462744,,,,
SAN FP,2020,315,305.174506,-9.825493993,9.825493993,0.031192044,,,,
SAN FP,2021,320,308.8631295,-11.13687049,11.13687049,0.03480272,,,,
SAN FP,2022,333,320.0896372,-12.91036279,12.91036279,0.038769858,,,,
SAN FP,2023,356,346.2893304,-9.710669582,9.710669582,0.027277162,,,,
SAN FP,2024,376,378.3934729,2.393472858,2.393472858,0.006365619,,,,
SAN FP,2025,392,397.0266678,5.026667751,5.026667751,0.012823132,,,,
SAN SQ,2017,21,15.64299932,-5.357000681,5.357000681,0.255095271,,,,
SAN SQ,2018,22,21.15118494,-0.848815057,0.848815057,0.038582503,,,,
SAN SQ,2019,23,22.16649351,-0.833506494,0.833506494,0.036239413,,,,
SAN SQ,2020,0,23.33141432,23.33141432,23.33141432,,,,,
SAN SQ,2021,7.6,-0.172310682,-7.772310682,7.772310682,1.022672458,,,,
SAN SQ,2022,10.98,1.693389812,-9.286610188,9.286610188,0.845775063,,,,
SAN SQ,2023,14.05,9.654972209,-4.395027791,4.395027791,0.312813366,,,,
SAN SQ,2024,19.5,12.89422036,-6.605779642,6.605779642,0.33875793,,,,
SAN SQ,2025,11,17.28059563,6.280595626,6.280595626,0.570963239,,,,
SAP GY,2016,115,105.4655102,-9.534489801,9.534489801,0.082908607,,,,
SAP GY,2017,125,112.7643942,-12.23560582,12.23560582,0.097884847,,,,
SAP GY,2018,140,119.3701129,-20.62988713,20.62988713,0.147356337,,,,
SAP GY,2019,150,133.6154912,-16.3845088,16.3845088,0.109230059,,,,
SAP GY,2020,158,145.4179913,-12.58200869,12.58200869,0.079632966,,,,
SAP GY,2021,185,152.2929908,-32.70700919,32.70700919,0.176794644,,,,
SAP GY,2022,245,194.3375341,-50.66246585,50.66246585,0.206785575,,,,
SAP GY,2023,205,318.8525331,113.8525331,113.8525331,0.55537821,,,,
SAP GY,2024,220,197.6887831,-22.31121688,22.31121688,0.101414622,,,,
SAP GY,2025,235,221.2175137,-13.78248625,13.78248625,0.058648878,,,,
SGO FP,2016,124,124,4.26E-14,4.26E-14,3.44E-16,,,,
SGO FP,2017,126,124,-2,2,0.015873016,,,,
SGO FP,2018,130,125.0666216,-4.933378358,4.933378358,0.037949064,,,,
SGO FP,2019,133,128.1232403,-4.876759685,4.876759685,0.036667366,,,,
SGO FP,2020,0,131.5951045,131.5951045,131.5951045,,,,,
SGO FP,2021,133,27.72970693,-105.2702931,105.2702931,0.791505963,,,,
SGO FP,2022,163,3.434001101,-159.5659989,159.5659989,0.978932509,,,,
SGO FP,2023,200,149.1844492,-50.81555083,50.81555083,0.254077754,,,,
SGO FP,2024,210,182.9976623,-27.00233766,27.00233766,0.12858256,,,,
SGO FP,2025,220,205.601254,-14.39874595,14.39874595,0.065448845,,,,
SIE GY,2016,350,314.8845253,-35.11547471,35.11547471,0.100329928,,,,
SIE GY,2017,360,340.0133523,-19.98664769,19.98664769,0.055518466,,,,
SIE GY,2018,370,355.0452764,-14.95472364,14.95472364,0.040418172,,,,
SIE GY,2019,380,365.0464074,-14.95359264,14.95359264,0.03935156,,,,
SIE GY,2020,390,375.0289288,-14.9710712,14.9710712,0.038387362,,,,
SIE GY,2021,350,382.3208684,32.32086842,32.32086842,0.092345338,,,,
SIE GY,2022,400,349.9409352,-50.05906476,50.05906476,0.125147662,,,,
SIE GY,2023,425,387.268963,-37.73103704,37.73103704,0.088778911,,,,
SIE GY,2024,470,425.1676926,-44.83230742,44.83230742,0.095387888,,,,
SIE GY,2025,520,470.9017763,-49.09822373,49.09822373,0.094419661,,,,
SU FP,2016,200,189.5322378,-10.46776218,10.46776218,0.052338811,,,,
SU FP,2017,204,196.032378,-7.967621972,7.967621972,0.03905697,,,,
SU FP,2018,220,202.0263608,-17.97363917,17.97363917,0.08169836,,,,
SU FP,2019,235,211.9665802,-23.03341978,23.03341978,0.098014552,,,,
SU FP,2020,255,227.5189038,-27.48109616,27.48109616,0.107769005,,,,
SU FP,2021,260,239.6487098,-20.35129025,20.35129025,0.078274193,,,,
SU FP,2022,290,260.0250772,-29.97492281,29.97492281,0.103361803,,,,
SU FP,2023,315,314.0833696,-0.916630432,0.916630432,0.002909938,,,,
SU FP,2024,350,335.1839336,-14.81606636,14.81606636,0.042331618,,,,
SU FP,2025,390,381.300759,-8.699241015,8.699241015,0.022305746,,,,
TTE FP,2017,246,226.8363708,-19.16362922,19.16362922,0.077900932,,,,
TTE FP,2018,250,245.5045201,-4.495479881,4.495479881,0.01798192,,,,
TTE FP,2019,258,248.7839369,-9.216063066,9.216063066,0.035721175,,,,
TTE FP,2020,268,256.259702,-11.74029801,11.74029801,0.043807082,,,,
TTE FP,2021,264,261.2159433,-2.784056711,2.784056711,0.010545669,,,,
TTE FP,2022,367,265.0867436,-101.9132564,101.9132564,0.277692797,,,,
TTE FP,2023,286,316.0431822,30.04318224,30.04318224,0.105046092,,,,
TTE FP,2024,306,339.821595,33.82159495,33.82159495,0.110528088,,,,
TTE FP,2025,243,295.9751989,52.97519892,52.97519892,0.218004934,,,,
UCG IM,2016,12,12.0868787,0.086878704,0.086878704,0.007239892,,,,
UCG IM,2017,0,12,12,12,,,,,
UCG IM,2018,32,-0.086637918,-32.08663792,32.08663792,1.002707435,,,,
UCG IM,2019,27,3.282906696,-23.7170933,23.7170933,0.878410863,,,,
UCG IM,2020,0,28.64734304,28.64734304,28.64734304,,,,,
UCG IM,2021,12,1.822843,-10.177157,10.177157,0.848096417,,,,
UCG IM,2022,53.8,2.618612866,-51.18138713,51.18138713,0.951326898,,,,
UCG IM,2023,98.72,32.61903507,-66.10096493,66.10096493,0.669580277,,,,
UCG IM,2024,272.61,82.15915093,-190.4508491,190.4508491,0.698620187,,,,
UCG IM,2025,147.64,204.0019436,56.36194363,56.36194363,0.381752531,,,,
VOW3 GY,2016,17,447.2770001,430.2770001,430.2770001,25.31041177,,,,
VOW3 GY,2017,206,81.48168826,-124.5183117,124.5183117,0.604457824,,,,
VOW3 GY,2018,396,60.6510354,-335.3489646,335.3489646,0.84684082,,,,
VOW3 GY,2019,486,296.0818896,-189.9181104,189.9181104,0.390778005,,,,
VOW3 GY,2020,486,443.9934035,-42.00659649,42.00659649,0.086433326,,,,
VOW3 GY,2021,486,486,-1.14E-13,1.14E-13,2.34E-16,,,,
VOW3 GY,2022,756,486,-270,270,0.357142857,,,,
VOW3 GY,2023,2782,645.2027509,-2136.797249,2136.797249,0.768079529,,,,
VOW3 GY,2024,906,1824.691949,918.6919486,918.6919486,1.014008773,,,,
VOW3 GY,2025,636,1876.395592,1240.395592,1240.395592,1.950307535,,,,
WKL NA,2016,76,79.85253509,3.852535085,3.852535085,0.050691251,,,,
WKL NA,2017,80,81.63221557,1.632215572,1.632215572,0.020402695,,,,
WKL NA,2018,99,78.16491372,-20.83508628,20.83508628,0.210455417,,,,
WKL NA,2019,103,89.91237059,-13.08762941,13.08762941,0.127064363,,,,
WKL NA,2020,126,101.1748377,-24.82516232,24.82516232,0.197025098,,,,
WKL NA,2021,143,107.9886478,-35.01135225,35.01135225,0.244834631,,,,
WKL NA,2022,166,143.5830902,-22.41690978,22.41690978,0.135041625,,,,
WKL NA,2023,190,169.4858416,-20.5141584,20.5141584,0.107969255,,,,
WKL NA,2024,219,196.7584346,-22.24156539,22.24156539,0.101559659,,,,
WKL NA,2025,150,238.9464469,88.94644691,88.94644691,0.592976313,,,,